{
  "eval_loss": 1.2557847499847412,
  "perplexity": 3.510592222213745
}